username,password,last_access
Jeanette,DCCCDA7307A3752F61E88C7DD814AF9353FDFDA48BF919FED754F7A4AD6F84BF,1996-04-03T17:13:24-0600
Socrates,FA80C07BC616626AF70E5A03B89E685D4340880E7042E1284595F213E7217EFD,1996-04-28T20:53:48-0600
Eysenck,BF2EE3FC2C13FF060DEEA96A37BC0DB1C5B9549280432571E179692DB4AC2035,1996-07-01T22:16:17-0600
Amelia,6229191CDD39D4873D6E81CB50FD62F2E921947F13934B23A51CE502DF6C9049,1996-06-10T15:02:48-0600
Chirico,C97FA6FBF6EF81DB771E8AE4B370A5ECDA630150251642547D73EB6D892F854D,1996-09-27T02:24:25-0600
Engels,6DD6A839E15B151C1E7EF671D3BFE1F78860D1304F3D9B8394927D1F8307846F,1996-09-25T14:13:46-0600
Harley,0D9F291D2B017DC1C9AA3D8BFBB51742B9C876824F678F63D70DC6001C027A72,1996-08-27T05:23:29-0600
Minnie,FD86F56CB84E69A14E85944897A122150847CA61B7BB97877D816FD8E48534E6,1996-06-19T04:21:17-0600
Hofstadter,6AE972F8B30D0D116F6A7D5404D1D56D02D5652DB60ABA6E6450A3F0EF6364A9,1996-08-11T16:53:14-0600
Landsteiner,A37E86C274FA5740110C1BF7D8B00BF44F4687A57C52809CF5B2F46CA0158E90,1996-03-28T12:41:58-0600
Hannibal,28A63D865AE4CDD812DFFBE1539FDFA7A80B38047C18B0183061F89DB108D3F0,1996-05-17T05:42:28-0600
Ceausescu,putrefaction,1996-08-10T00:34:11-0600
Kalevala,CCE597B6AEB74C96C55CAA16790FE5400F066F31982C8993220A3E21F63195C6,1996-05-15T16:42:05-0600
Virginia,29A20C6A058EDCBDCC3437AF75442BB4F08DC43D16E609ECADE286B05E2B0BF0,1996-04-19T05:07:43-0600
Liberace,222CED2B5E3B4E7901D3BE22E64EED1163D34C64CC28B9A713F2A269F2F38C61,1996-09-22T17:38:26-0600
Hugo,nosediving,1996-04-06T19:15:06-0600
Haywood,606B9AE819C1D309CBA22A8C8CE3E73202A8E30B269B4A3A4ECAF0970D82147A,1996-03-24T14:09:06-0600
Icarus,11148B3648987BED4B6C462A79E78B477F4129BF3EBCE9C3C95434F80BE3AB30,1996-04-22T11:38:52-0600
Dusty,378AED77404F3C0ACC8BF39E79A86DCD108AFFEA022BF21AC84F492A4E7DBD67,1996-06-12T12:21:06-0600
Lagrange,A4EE58DBF99661F94EEFFD17773810F93F39D03F0766A6F8D5AFCBF6030A6076,1996-05-19T00:49:42-0600
Ringo,sarcastically,1996-02-13T23:04:38-0600
McDowell,024823343A37C768E01541C2AFD72D9213CFBF0EBDC24F50740EA4B62FCE0B5D,1996-04-18T04:36:22-0600
Giannini,F090835EBE69292F8FFC74131CD008F4DCFD1410E0C23E9C4584A04263E24918,1996-10-04T22:11:13-0600
Alberio,7A3F9EC2C808F1003834DD9B6C051926F43899666B60471EA5B3811A68451131,1996-07-02T21:49:49-0600
Kublai,93E0BA36FC7CEC40B140B4838819BD63EA493B6E33E586B0D89F6F1065F1F9F2,1996-01-05T02:20:50-0600
Santana,B34FB79F8B03EF9287BF1EEEFE6C2B055A8F9795138DF6C4AFF2521EC521BBFD,1996-05-28T16:17:01-0600
Giuseppe,6324452DC778D224EE737615BE6E0EB3105C093E260CBAD10C6846412278B316,1996-07-20T23:41:54-0600
Hangzhou,7D1F49C2E7C67B20FD9DBEB36016121B26EA44D5EF9BD0333149016AD82BE618,1996-06-09T16:25:10-0600
Eniwetok,D8D0C905B21F8BC8931F049D589F388ACC567A02266B6F0280C23ED569EBA23D,1996-04-13T12:27:32-0600
Ramada,5C8781A96C5DFA392316F585E4EC8B1CFFB375ABB1DBB0347400CF944EC4F55B,1996-09-28T22:24:18-0600
Vlaminck,altruism,1996-04-03T20:44:27-0600
Costner,CF3D4D264F8C100BA916FD97EEF6CA3274E1B5326D26E6B6396C3823075F592F,1996-06-06T02:31:03-0600
Yorkshire,48176CFEC91EF623153C19A63129F40AA1AD3854D0461ACEEB0E579B6336AB88,1996-07-13T00:06:41-0600
Skippy,CC7C8EA05AECB32332AC925342BDEF01E167D15F81CA95424283186EC73064E4,1996-06-18T07:14:53-0600
Erickson,E3424AAB944DDD789B4314803ABE186E3C5928144C0E83F321FBD50C95CD76E6,1996-02-09T17:06:27-0600
Koizumi,hyperventilation,1996-07-12T08:48:20-0600
Yahtzee,0E94FAA02DA09121B3E4571E8499D993CDCD36E8C24BD18EF9FA533F836083CB,1996-02-24T16:33:56-0600
Beelzebub,3CC509BA13AA28C5F72A5CBE682D96994F905C382D575EF23945337E2F20503D,1996-04-25T10:22:40-0600
Wilson,duckling,1996-05-13T21:18:05-0600
Freida,206E36DE6EA7348142C606141E0D00CA73FCB748AC113CFD63909BDAF68B6959,1996-03-25T00:36:14-0600
Dangerfield,F8AA21F75408A92B9362E6EACA9F2C793F0569E24945867D06ED5CD4564B230B,1996-03-29T07:24:10-0600
Moriarty,824DD9B5F0D785BCB3AC6ABD14B4D860A1AF67D03DE13FCC8C17438539E48374,1996-10-07T21:46:24-0600
Fujiwara,924CB7137281D9B9A3284879718AE71DF4C45073F0A26DDF9A8D7C03697CB732,1996-10-16T14:44:07-0600
Gumbel,F8D6C2F17844B2D5A145F76E9AE73BAE195A967982732001FEF9245D112E40C1,1996-05-10T16:10:35-0600
